video,id_i,id_j,frame,dist_min,dist_min_ratio,delta_acercamiento,delta_separacion,separandose,vel_i_antes,vel_j_antes,vel_i_desp,vel_j_desp,vel_max_antes,ratio_frenazo_i,ratio_frenazo_j,ratio_frenazo_min,angulo_i,angulo_j,angulo_max,n_frames_antes,n_frames_despues,label,confianza_etiqueta
choque-azul.mp4,2,5,115,228.63245,0.89176124,129.24867,0.0,False,13.161055,17.342453,11.918014,17.161306,17.342453,0.90555155,0.9895547,0.90555155,0.027976453,0.027976453,0.027976453,15,0,1,REVISAR - creo que SI (mas cercano al seg. esperado 3.3s)
choque-azul.mp4,3,5,167,269.97043,0.8949144,159.15826,0.0,False,11.697185,4.693285,11.6422825,4.8166447,11.697185,0.9953064,1.0262843,0.9953064,0.01978234,0.0,0.01978234,15,0,0,"REVISAR - creo que NO (esto pasa en el seg 5.57s, lejos de 3.3s)"
choque-azul.mp4,5,6,252,295.9948,0.8974224,183.15671,0.0,False,2.5518982,16.887789,2.506361,17.39804,16.887789,0.98215556,1.0302143,0.98215556,0.0,0.0,0.0,15,0,0,"REVISAR - creo que NO (esto pasa en el seg 8.40s, lejos de 3.3s)"
choque-azul.mp4,5,6,255,262.48587,0.8112941,183.13898,0.0,False,1.1684151,15.131238,1.2863365,15.176766,15.131238,1.1009243,1.0030088,1.0030088,0.0,0.01978234,0.01978234,15,0,0,"REVISAR - creo que NO (esto pasa en el seg 8.50s, lejos de 3.3s)"
choque-puente.mp4,1,3,29,84.3005,0.47463694,244.9814,0.0,False,19.79131,3.880656,18.981432,4.0012317,19.79131,0.95907915,1.031071,0.95907915,0.027976453,0.0,0.027976453,15,2,1,segura (unico candidato)
clip-choque-1.mp4,3,4,59,66.21963,0.87823915,84.20216,0.0,False,3.5634754,2.5422823,3.2971802,3.0066183,3.5634754,0.9252709,1.1826453,0.9252709,0.0,0.0,0.0,15,0,1,segura (unico candidato)
clip-noche-rapido.mp4,2,9,123,34.28401,0.8781541,171.50922,0.0,False,2.3308141,8.713541,2.236369,8.70234,8.713541,0.95947975,0.99871457,0.95947975,0.0,0.0,0.0,14,0,1,segura (unico candidato)
Video Project 2.mp4,4,5,147,217.91895,0.8511096,283.43726,0.0,False,16.131323,43.086998,17.833342,39.3595,43.086998,1.1055102,0.91348904,0.91348904,0.0,0.027976453,0.027976453,15,0,1,REVISAR - creo que SI (mas cercano al seg. esperado 4.9s)
Video Project 2.mp4,4,5,151,217.30618,0.82953763,232.7637,0.0,False,23.601267,34.43628,24.744753,30.227755,34.43628,1.0484502,0.87778807,0.87778807,0.027976453,0.0,0.027976453,15,0,0,"REVISAR - creo que NO (esto pasa en el seg 5.03s, lejos de 4.9s)"
Video Project 2.mp4,3,4,155,220.07155,0.89898163,140.13553,0.0,False,4.705763,20.694864,5.4307733,24.2259,20.694864,1.1540686,1.1706238,1.1540686,0.0,0.0,0.0,15,0,0,"REVISAR - creo que NO (esto pasa en el seg 5.17s, lejos de 4.9s)"
Video Project 2.mp4,4,2,205,118.18469,0.6656684,13.47229,0.0,False,15.932394,0.6706167,15.396374,1.8249891,15.932394,0.9663566,2.7213595,0.9663566,0.0,0.0,0.0,3,0,0,"REVISAR - creo que NO (esto pasa en el seg 6.83s, lejos de 4.9s)"
Video Project 2.mp4,4,2,217,72.764404,0.3938532,39.79339,0.0,False,6.237837,1.0539466,7.395884,1.1572808,6.237837,1.1856488,1.098045,1.098045,0.01978234,0.0,0.01978234,12,0,0,"REVISAR - creo que NO (esto pasa en el seg 7.23s, lejos de 4.9s)"
video-interseccion-amsterdam.mp4,1,2,84,88.52784,0.8780261,107.33933,0.0,False,5.2250676,2.1442833,5.2690496,1.8801091,5.2250676,1.0084175,0.8768007,0.8768007,0.0,0.01978234,0.01978234,15,0,0,segura (video sin choque)
video-interseccion-amsterdam.mp4,1,2,90,55.190994,0.5599444,93.379,0.0,False,5.187385,1.5867498,5.1358776,0.83061475,5.187385,0.99007064,0.52346927,0.52346927,0.0,0.0,0.0,15,0,0,segura (video sin choque)
video-interseccion-amsterdam.mp4,5,6,121,50.059013,0.781986,139.54068,0.0,False,3.693369,5.897346,2.611828,6.6073484,5.897346,0.70716685,1.1203935,0.70716685,0.027976453,0.0,0.027976453,15,0,0,segura (video sin choque)
video-interseccion-amsterdam.mp4,7,5,137,57.03374,0.89651835,32.04012,0.0,False,3.2195227,0.75131553,3.4952495,0.6027226,3.2195227,1.0856421,0.80222297,0.80222297,0.01978234,0.0,0.01978234,9,0,0,segura (video sin choque)
video-interseccion-amsterdam.mp4,8,11,177,14.590117,0.4046866,27.398241,39.3204,True,1.5088751,4.2149544,4.448861,4.4526134,4.2149544,2.948462,1.0563847,1.0563847,8.871214,2.2494235,8.871214,7,7,0,segura (video sin choque)
video-interseccion-amsterdam.mp4,8,10,303,0.498948,0.005413186,73.93644,0.0,False,7.3018866,2.9399068,7.5911913,8.311898,7.3018866,1.0396205,2.827266,1.0396205,0.0,0.0,0.0,9,0,0,segura (video sin choque)
video-interseccion-amsterdam.mp4,16,20,357,51.673016,0.89233553,56.33653,0.0,False,0.3422314,3.1781313,0.17312236,2.8391483,3.1781313,0.5058635,0.89333886,0.5058635,0.0,0.0,0.0,15,0,0,segura (video sin choque)
video-interseccion-amsterdam.mp4,23,25,397,41.292927,0.8711631,89.024185,0.0,False,3.969772,1.9790303,3.292266,2.5183785,3.969772,0.8293337,1.2725316,0.8293337,0.027976453,0.0,0.027976453,15,0,0,segura (video sin choque)
video-interseccion-amsterdam.mp4,25,27,439,68.11385,0.8543966,156.4964,0.0,False,9.000076,2.529609,9.34295,2.580288,9.000076,1.0380968,1.0200343,1.0200343,0.0,0.0,0.0,15,0,0,segura (video sin choque)
video-interseccion-amsterdam.mp4,19,31,464,40.26951,0.8762623,40.67644,0.0,False,0.4487964,3.4852998,0.55048513,3.4963253,3.4852998,1.226581,1.0031635,1.0031635,0.0,0.0,0.0,15,0,0,segura (video sin choque)
video-interseccion-amsterdam.mp4,19,31,465,37.897182,0.81438404,45.131187,0.0,False,0.52490956,3.532772,0.54472697,3.4798086,3.532772,1.0377539,0.98500794,0.98500794,0.01978234,0.01978234,0.01978234,15,0,0,segura (video sin choque)
video-interseccion-amsterdam.mp4,28,19,474,53.684326,0.81521744,105.20518,0.0,False,6.5817685,1.31872,6.973853,1.1860617,6.5817685,1.0595713,0.8994038,0.8994038,0.0,0.01978234,0.01978234,10,0,0,segura (video sin choque)
video-interseccion-amsterdam.mp4,28,21,494,74.80798,0.7832495,145.49664,0.0,False,9.259809,0.8182528,9.631688,0.11734526,9.259809,1.0401607,0.14340954,0.14340954,0.01978234,0.0,0.01978234,15,0,0,segura (video sin choque)
video-interseccion-amsterdam.mp4,28,21,495,64.060814,0.6688795,145.34529,0.0,False,9.4637985,0.40193877,9.9933,0.1117105,9.4637985,1.0559503,0.27792916,0.27792916,0.01978234,0.0,0.01978234,15,0,0,segura (video sin choque)
video-interseccion-amsterdam.mp4,29,34,515,46.538597,0.8071977,86.4801,0.0,False,3.8215168,1.3623618,3.882017,1.2644461,3.8215168,1.0158315,0.928128,0.928128,0.0,0.0,0.0,15,0,0,segura (video sin choque)
video-interseccion-amsterdam.mp4,29,21,541,72.86469,0.8428167,117.829704,0.0,False,5.311314,2.958985,5.4701753,2.2866447,5.311314,1.02991,0.77278006,0.77278006,0.01978234,0.01978234,0.01978234,15,0,0,segura (video sin choque)
video-interseccion-amsterdam.mp4,29,32,576,57.772068,0.8373745,127.41925,0.0,False,9.542293,0.97057986,7.4036593,1.4956312,9.542293,0.7758785,1.5409666,0.7758785,0.0,0.0,0.0,13,1,0,segura (video sin choque)
video-interseccion-amsterdam.mp4,37,21,591,57.220734,0.85628325,71.406364,0.0,False,3.0154886,1.703946,3.1303897,1.6109016,3.0154886,1.0381036,0.94539475,0.94539475,0.027976453,0.0,0.027976453,15,0,0,segura (video sin choque)
video-interseccion-amsterdam.mp4,39,43,607,40.083492,0.8668884,70.379585,0.0,False,1.2451854,3.2737045,1.2518758,2.7463388,3.2737045,1.005373,0.8389086,0.8389086,0.0,0.0,0.0,15,0,0,segura (video sin choque)
video-interseccion-amsterdam.mp4,37,39,631,51.533012,0.8410239,98.52724,0.0,False,4.145505,2.4930305,4.085559,2.2183824,4.145505,0.9855395,0.8898336,0.8898336,0.0,0.0,0.0,15,0,0,segura (video sin choque)
video-interseccion-amsterdam.mp4,37,47,654,56.106728,0.8664613,52.714954,0.0,False,5.0489416,1.2961017,4.9854746,1.7010713,5.0489416,0.9874296,1.312452,0.9874296,0.0,0.0,0.0,13,0,0,segura (video sin choque)
video-interseccion-amsterdam.mp4,37,48,662,60.323524,0.8442036,129.54208,0.0,False,5.3747287,3.3813145,5.480282,3.1777358,5.3747287,1.0196388,0.93979305,0.93979305,0.01978234,0.0,0.01978234,15,0,0,segura (video sin choque)
video-trampa-mercado.mp4,2,11,83,559.9192,0.8341004,5.7530518,278.86108,True,12.969209,8.8296995,14.92727,13.628773,12.969209,1.1509777,1.5435148,1.1509777,0.8899944,5.178692,5.178692,3,15,0,segura (video sin choque)
video-trampa-mercado.mp4,11,10,190,321.71283,0.8902671,87.93515,0.0,False,5.5679793,2.75443,5.463922,2.861334,5.5679793,0.9813115,1.0388117,0.9813115,0.027976453,0.0,0.027976453,15,0,0,segura (video sin choque)
video-trampa-mercado.mp4,11,10,195,302.0135,0.8157093,66.27463,0.0,False,4.6672387,2.5616138,3.6433854,2.2787292,4.6672387,0.78062975,0.8895678,0.78062975,0.0,0.0,0.0,15,0,0,segura (video sin choque)
video-trampa-mercado.mp4,11,10,210,261.0952,0.7387636,38.80789,0.0,False,5.5973105,2.514522,5.8041954,3.1123395,5.5973105,1.0369614,1.237746,1.0369614,0.0,0.027976453,0.027976453,15,0,0,segura (video sin choque)
